{"cameraMode":{"drawMode":0,"name":"Shaded","section":"Shading Mode"},"sceneLighting":false,"audioPlay":false,"sceneViewState":{"showFog":true,"showMaterialUpdate":false,"showSkybox":false,"showFlares":true,"showImageEffects":true,"showParticleSystems":true},"in2DMode":false,"pivot":{"x":3.269228458404541,"y":7.049619674682617,"z":-7.019087791442871},"rotation":{"x":0.4075266420841217,"y":-0.19877074658870698,"z":0.0912850871682167,"w":0.8866572380065918},"size":1.8874585628509522,"orthographic":false}