{"cameraMode":{"drawMode":0,"name":"Shaded","section":"Shading Mode"},"sceneLighting":false,"audioPlay":false,"sceneViewState":{"showFog":true,"showMaterialUpdate":false,"showSkybox":false,"showFlares":true,"showImageEffects":true,"showParticleSystems":true},"in2DMode":false,"pivot":{"x":2.203605890274048,"y":-2.1350252628326418,"z":-4.390051364898682},"rotation":{"x":0.3897865414619446,"y":0.31902754306793215,"z":-0.14605757594108582,"w":0.8514675498008728},"size":8.152226448059082,"orthographic":false}