{"cameraMode":{"drawMode":0,"name":"Shaded","section":"Shading Mode"},"sceneLighting":false,"audioPlay":false,"sceneViewState":{"showFog":true,"showMaterialUpdate":false,"showSkybox":false,"showFlares":true,"showImageEffects":true,"showParticleSystems":true},"in2DMode":false,"pivot":{"x":3.62721586227417,"y":-2.583484172821045,"z":0.5331151485443115},"rotation":{"x":0.5942587852478027,"y":-0.07218004763126373,"z":0.0535694882273674,"w":0.7992874383926392},"size":10.52452564239502,"orthographic":false}