{"cameraMode":{"drawMode":0,"name":"Shaded","section":"Shading Mode"},"sceneLighting":false,"audioPlay":false,"sceneViewState":{"showFog":true,"showMaterialUpdate":false,"showSkybox":false,"showFlares":true,"showImageEffects":true,"showParticleSystems":true},"in2DMode":false,"pivot":{"x":2.1332108974456789,"y":3.7008676528930666,"z":-6.375022888183594},"rotation":{"x":0.3892758786678314,"y":0.39796000719070437,"z":-0.19166065752506257,"w":0.8083224892616272},"size":8.152226448059082,"orthographic":false}